id	nombres	apellidoPaterno	apellidoMaterno	nombreVoto	foto
1	Damaris	Abarca	González	Abarca González, Damaris	https://www.chileconvencion.cl/wp-content/uploads/2021/05/15-Damaris-Abarca.jpg
2	Jorge	Abarca	Riveros	Abarca Riveros, Jorge	https://www.chileconvencion.cl/wp-content/uploads/2021/05/01-Jorge-Abarca.jpg
3	Ignacio	Achurra	Díaz	Achurra Díaz, Ignacio	https://www.chileconvencion.cl/wp-content/uploads/2021/05/14-Ignacio-Achurra.jpg
4	Tiare	Aguilera	Hey	Aguilera Hey, Tiare	https://www.chileconvencion.cl/wp-content/uploads/2021/05/37-Tiare-Aguilera.jpg
5	Gloria	Alvarado	Jorquera	Alvarado Jorquera, Gloria	https://www.chileconvencion.cl/wp-content/uploads/2021/05/16-Gloria-Alvarado.jpg
6	Julio	Alvarez	Pinto	Alvarez Pinto, Julio	https://www.chileconvencion.cl/wp-content/uploads/2021/05/26-Julio-Alvarez.jpg
7	Rodrigo	Alvarez	Zenteno	Alvarez Zenteno, Rodrigo	https://www.chileconvencion.cl/wp-content/uploads/2021/05/28-Rodrigo-Alvarez.jpg
8	Amaya	Alvez	Marín	Alvez Marín, Amaya	https://www.chileconvencion.cl/wp-content/uploads/2021/05/20-Amaya-Alvez.jpg
9	Adriana	Ampuero	Barrientos	Ampuero Barrientos, Adriana	https://www.chileconvencion.cl/wp-content/uploads/2021/05/26-Adriana-Ampuero.jpg
10	Cristóbal	Andrade	León	Andrade León, Cristóbal	https://www.chileconvencion.cl/wp-content/uploads/2021/05/06-Cristobal-Andrade.jpg
27	Victorino	Antilef	Ñanco	Antilef Ñanco, Victorino	https://www.chileconvencion.cl/wp-content/uploads/2021/05/29-Victorino-Antilef.jpg
12	Jorge	Arancibia	Reyes	Arancibia Reyes, Jorge	https://www.chileconvencion.cl/wp-content/uploads/2021/05/07-Jorge-Arancibia.jpg
13	Francisca	Arauna	Urrutia	Arauna Urrutia, Francisca	https://www.chileconvencion.cl/wp-content/uploads/2021/05/18-Francisca-Arauna.jpg
14	Marco	Arellano	Ortega	Arellano Ortega, Marco	https://www.chileconvencion.cl/wp-content/uploads/2021/05/08-Marco-Arellano.jpg
15	Martín	Arrau	García-Huidobro	Arrau García-Huidobro, Martín	https://www.chileconvencion.cl/wp-content/uploads/2021/05/19-Martin-Arrau.jpg
16	Fernando	Atria	Lemaitre	Atria Lemaitre, Fernando	https://www.chileconvencion.cl/wp-content/uploads/2021/05/10-Fernando-Atria.jpg
17	Wilfredo	Bacian	Delgado	Bacian Delgado, Wilfredo	https://www.chileconvencion.cl/wp-content/uploads/2021/05/36-Wilfredo-Bacian.jpg
18	Jorge	Baradit	Morales	Baradit Morales, Jorge	https://www.chileconvencion.cl/wp-content/uploads/2021/05/10-Jorge-Baradit.jpg
19	Benito	Baranda	Ferrán	Baranda Ferrán, Benito	https://www.chileconvencion.cl/wp-content/uploads/2021/05/12-Benito-Baranda.jpg
20	Luis	Barceló	Amado	Barceló Amado, Luis	https://www.chileconvencion.cl/wp-content/uploads/2021/05/21-Luis-Barcelo.jpg
21	Marcos	Barraza	Gómez	Barraza Gómez, Marcos	https://www.chileconvencion.cl/wp-content/uploads/2021/05/13-Marcos-Barraza.jpg
22	Jaime	Bassa	Mercado	Bassa Mercado, Jaime	https://www.chileconvencion.cl/wp-content/uploads/2021/05/07-Jaime-Bassa.jpg
23	Miguel Ángel	Botto	Salinas	Botto Salinas, Miguel Ángel	https://www.chileconvencion.cl/wp-content/uploads/2021/05/06-Miguel-Botto.jpg
24	Carol	Bown	Sepúlveda	Bown Sepúlveda, Carol	https://www.chileconvencion.cl/wp-content/uploads/2021/05/15-Carol-Bown-.jpg
25	Daniel	Bravo	Silva	Bravo Silva, Daniel	https://www.chileconvencion.cl/wp-content/uploads/2021/05/05-Daniel-Bravo.jpg
26	Francisco	Caamaño	Rojas	Caamaño Rojas, Francisco	https://www.chileconvencion.cl/wp-content/uploads/2021/05/14-Francisco-Caamano.jpg
71	Alexis	Caiguan	Ancapan	Caiguan Ancapan, Alexis	https://www.chileconvencion.cl/wp-content/uploads/2021/06/29-Alexis-Caiguan.jpg
29	Carlos	Calvo	Muñoz	Calvo Muñoz, Carlos	https://www.chileconvencion.cl/wp-content/uploads/2021/05/05-Carlos-Calvo.jpg
30	Adriana	Cancino	Meneses	Cancino Meneses, Adriana	https://www.chileconvencion.cl/wp-content/uploads/2021/05/16-Adriana-Cancino.jpg
31	Rocío	Cantuarias	Rubio	Cantuarias Rubio, Rocío	https://www.chileconvencion.cl/wp-content/uploads/2021/05/20-Rocio-Cantuarias.jpg
32	Alondra	Carrillo	Vidal	Carrillo Vidal, Alondra	https://www.chileconvencion.cl/wp-content/uploads/2021/05/12-Alondra-Carrillo.jpg
33	María Trinidad	Castillo	Boilet	Castillo Boilet, María Trinidad	https://www.chileconvencion.cl/wp-content/uploads/2021/05/05-Maria-Castillo.jpg
34	Eduardo	Castillo	Vigouroux	Castillo Vigouroux, Eduardo	https://www.chileconvencion.cl/wp-content/uploads/2021/05/23-Eduardo-Castillo.jpg
35	Claudia	Castro	Gutiérrez	Castro Gutiérrez, Claudia	https://www.chileconvencion.cl/wp-content/uploads/2021/05/14-Claudia-Castro.jpg
36	Rosa	Catrileo	Arias	Catrileo Arias, Rosa	https://www.chileconvencion.cl/wp-content/uploads/2021/05/29-Rosa-Catrileo.jpg
37	Roberto	Celedón	Fernández	Celedón Fernández, Roberto	https://www.chileconvencion.cl/wp-content/uploads/2021/05/17-Roberto-Celedon.jpg
38	Raúl	Celis	Montt	Celis Montt, Raúl	https://www.chileconvencion.cl/wp-content/uploads/2021/05/07-Raul-Celis.jpg
39	Lorena	Céspedes	Fernández	Céspedes Fernández, Lorena	https://www.chileconvencion.cl/wp-content/uploads/2021/05/23-Lorena-Cespedes.jpg
40	Fuad	Chahín	Valenzuela	Chahín Valenzuela, Fuad	https://www.chileconvencion.cl/wp-content/uploads/2021/05/22-Fuad-Chahin.jpg
28	Eric	Chinga	Ferreira	Chinga Ferreira, Eric	https://www.chileconvencion.cl/wp-content/uploads/2021/05/34-Eric-Chinga.jpg
41	Ruggero	Cozzi	Elzo	Cozzi Elzo, Ruggero	https://www.chileconvencion.cl/wp-content/uploads/2021/05/06-Ruggero-Cozzi.jpg
42	Eduardo	Cretton	Rebolledo	Cretton Rebolledo, Eduardo	https://www.chileconvencion.cl/wp-content/uploads/2021/05/22-Eduardo-Cretton.jpg
43	Andrés	Cruz	Carrasco	Cruz Carrasco, Andrés	https://www.chileconvencion.cl/wp-content/uploads/2021/05/20-Andres-Cruz.jpg
44	Marcela	Cubillos	Sigall	Cubillos Sigall, Marcela	https://www.chileconvencion.cl/wp-content/uploads/2021/05/11-Marcela-Cubillos.jpg
45	Mauricio	Daza	Carrasco	Daza Carrasco, Mauricio	https://www.chileconvencion.cl/wp-content/uploads/2021/05/28-Mauricio-Daza.jpg
46	Bernardo	De la Maza	Bañados	De la Maza Bañados, Bernardo	https://www.chileconvencion.cl/wp-content/uploads/2021/05/08-Bernardo-de-la-Maza.jpg
47	Aurora	Delgado	Vergara	Delgado Vergara, Aurora	https://www.chileconvencion.cl/wp-content/uploads/2021/05/24-Aurora-Delgado.jpg
48	Gaspar	Domínguez	Donoso	Domínguez Donoso, Gaspar	https://www.chileconvencion.cl/wp-content/uploads/2021/05/26-Gaspar-Dominguez.jpg
49	Cristina	Dorador	Ortiz	Dorador Ortiz, Cristina	https://www.chileconvencion.cl/wp-content/uploads/2021/05/03-Cristina-Dorador.jpg
50	Patricio	Fernández	Chadwick	Fernández Chadwick, Patricio	https://www.chileconvencion.cl/wp-content/uploads/2021/05/11-Patricio-Fernandez.jpg
51	Alejandra	Flores	Carlos	Flores Carlos, Alejandra	https://www.chileconvencion.cl/wp-content/uploads/2021/05/02-Alejandra-Flores.jpg
52	Bernardo	Fontaine	Talavera	Fontaine Talavera, Bernardo	https://www.chileconvencion.cl/wp-content/uploads/2021/05/11-Bernardo-Fontaine.jpg
53	Javier	Fuchslocher	Baeza	Fuchslocher Baeza, Javier	https://www.chileconvencion.cl/wp-content/uploads/2021/05/21-Javier-Fuchslocher.jpg
54	Bessy	Gallardo	Prado	Gallardo Prado, Bessy	https://www.chileconvencion.cl/wp-content/uploads/2021/05/08-Bessy-Gallardo.jpg
11	Félix	Galleguillos	Aymani	Galleguillos Aymani, Félix	https://www.chileconvencion.cl/wp-content/uploads/2021/05/31-Felix-Galleguillos.jpg
55	Renato	Garín	González	Garín González, Renato	https://www.chileconvencion.cl/wp-content/uploads/2021/05/14-Renato-Garin.jpg
56	Elisa	Giustinianovich	Campos	Giustinianovich Campos, Elisa	https://www.chileconvencion.cl/wp-content/uploads/2021/05/28-Elisa-Giustinianovich.jpg
57	Isabel	Godoy	Monardez	Godoy Monardez, Isabel	https://www.chileconvencion.cl/wp-content/uploads/2021/05/33-Isabel-Godoy.jpg
58	Claudio	Gómez	Castro	Gómez Castro, Claudio	https://www.chileconvencion.cl/wp-content/uploads/2021/05/06-Claudio-Gomez.jpg
59	Yarela	Gómez	Sánchez	Gómez Sánchez, Yarela	https://www.chileconvencion.cl/wp-content/uploads/2021/05/27-Yarela-Gomez.jpg
60	Dayyana	González	Araya	González Araya, Dayyana	https://www.chileconvencion.cl/wp-content/uploads/2021/05/03-Dayyana-Gonzalez.jpg
61	Lidia	González	Calderón	González Calderón, Lidia	https://www.chileconvencion.cl/wp-content/uploads/2021/05/38-Lidia-Gonzalez.jpg
62	Giovanna	Grandón	Caro	Grandón Caro, Giovanna	https://www.chileconvencion.cl/wp-content/uploads/2021/05/12-Giovanna-Grandon.jpg
63	Paola	Grandón	González	Grandón González, Paola	https://www.chileconvencion.cl/wp-content/uploads/2021/05/17-Paola-Grandon.jpg
64	Hugo	Gutiérrez	Gálvez	Gutiérrez Gálvez, Hugo	https://www.chileconvencion.cl/wp-content/uploads/2021/05/02-Hugo-Gutierrez.jpg
65	Felipe	Harboe	Bascuñán	Harboe Bascuñán, Felipe	https://www.chileconvencion.cl/wp-content/uploads/2021/05/19-Felipe-Harboe.jpg
66	Natalia	Henríquez	Carreño	Henríquez Carreño, Natalia	https://www.chileconvencion.cl/wp-content/uploads/2021/05/09-Natalia-Henriquez.jpg
67	Vanessa	Hoppe	Espoz	Hoppe Espoz, Vanessa	https://www.chileconvencion.cl/wp-content/uploads/2021/05/21-Vanessa-Hoppe.jpg
68	Constanza	Hube	Portus	Hube Portus, Constanza	https://www.chileconvencion.cl/wp-content/uploads/2021/05/11-Constanza-Hube.jpg
69	Ruth	Hurtado	Olave	Hurtado Olave, Ruth	https://www.chileconvencion.cl/wp-content/uploads/2021/05/22-Ruth-Hurtado.jpg
70	Maximiliano	Hurtado	Roco	Hurtado Roco, Maximiliano	https://www.chileconvencion.cl/wp-content/uploads/2021/05/04-Maximiliano-Hurtado.jpg
72	Luis	Jiménez	Cáceres	Jiménez Cáceres, Luis	https://www.chileconvencion.cl/wp-content/uploads/2021/05/30-Luis-Jimenez.jpg
73	Alvaro	Jofré	Cáceres	Jofré Cáceres, Alvaro	https://www.chileconvencion.cl/wp-content/uploads/2021/05/02-Alvaro-Jofre.jpg
74	Harry	Jurgensen	Caesar	Jurgensen Caesar, Harry	https://www.chileconvencion.cl/wp-content/uploads/2021/05/25-Harry-Jurgensen.jpg
75	Bastián	Labbé	Salazar	Labbé Salazar, Bastián	https://www.chileconvencion.cl/wp-content/uploads/2021/05/20-Bastian-Labbe.jpg
76	Patricia	Labra	Besserer	Labra Besserer, Patricia	https://www.chileconvencion.cl/wp-content/uploads/2021/05/18-Patricia-Labra.jpg
77	Elsa	Labraña	Pino	Labraña Pino, Elsa	https://www.chileconvencion.cl/wp-content/uploads/2021/05/17-Elsa-Labrana1.jpg
78	Tomás	Laibe	Saez	Laibe Saez, Tomás	https://www.chileconvencion.cl/wp-content/uploads/2021/05/27-Tomas-Laibe.jpg
79	Hernán	Larraín	Matte	Larraín Matte, Hernán	https://www.chileconvencion.cl/wp-content/uploads/2021/05/11-Hernan-Larrain.jpg
80	Margarita	Letelier	Cortés	Letelier Cortés, Margarita	https://www.chileconvencion.cl/wp-content/uploads/2021/05/19-Margarita-Letelier.jpg
81	Francisca	Linconao	Huircapán	Linconao Huircapán, Francisca	https://www.chileconvencion.cl/wp-content/uploads/2021/05/29-Francsica-Linconao.jpg
82	Natividad	Llanquileo	Pilquimán	Llanquileo Pilquimán, Natividad	https://www.chileconvencion.cl/wp-content/uploads/2021/05/29-Natividad-Llanquileo.jpg
83	Rodrigo	Logan	Soto	Logan Soto, Rodrigo	https://www.chileconvencion.cl/wp-content/uploads/2021/05/09-Rodrigo-Logan.jpg
84	Elisa	Loncon	Antileo	Loncon Antileo, Elisa	https://www.chileconvencion.cl/wp-content/uploads/2021/05/29-Elisa-Loncon.jpg
85	Tania	Madriaga	Flores	Madriaga Flores, Tania	https://www.chileconvencion.cl/wp-content/uploads/2021/05/07-Tania-Madariaga.jpg
86	Isabella	Mamani	Mamani	Mamani Mamani, Isabella	https://www.chileconvencion.cl/wp-content/uploads/2021/05/30-Isabella-Mamani.jpg
87	Teresa	Marinovic	Vial	Marinovic Vial, Teresa	https://www.chileconvencion.cl/wp-content/uploads/2021/05/10-Teresa-Marinovic.jpg
88	Juan José	Martin	Bravo	Martin Bravo, Juan José	https://www.chileconvencion.cl/wp-content/uploads/2021/05/12-Juan-Martin.jpg
89	Helmuth	Martínez	Llancapan	Martínez Llancapan, Helmuth	https://www.chileconvencion.cl/wp-content/uploads/2021/05/23-Helmuth-Martinez.jpg
90	Luis	Mayol	Bouchon	Mayol Bouchon, Luis	https://www.chileconvencion.cl/wp-content/uploads/2021/05/23-Luis-Mayol.jpg
91	Jeniffer	Mella	Escobar	Mella Escobar, Jeniffer	https://www.chileconvencion.cl/wp-content/uploads/2021/05/05-Jeniffer-Mella.jpg
92	Felipe	Mena	Villar	Mena Villar, Felipe	https://www.chileconvencion.cl/wp-content/uploads/2021/05/24-Felipe-Mena-.jpg
93	Janis	Meneses	Palma	Meneses Palma, Janis	https://www.chileconvencion.cl/wp-content/uploads/2021/05/06-Janis-Meneses.jpg
94	Adolfo	Millabur	Ñancuil	Millabur Ñancuil, Adolfo	https://www.chileconvencion.cl/wp-content/uploads/2021/05/29-Adolfo-Millabur.jpg
95	Valentina	Miranda	Arce	Miranda Arce, Valentina	https://www.chileconvencion.cl/wp-content/uploads/2021/05/08-Valentina-Miranda.jpg
96	Cristian	Monckeberg	Bruner	Monckeberg Bruner, Cristian	https://www.chileconvencion.cl/wp-content/uploads/2021/05/10-Cristian-Monckeberg.jpg
97	Katerine	Montealegre	Navarro	Montealegre Navarro, Katerine	https://www.chileconvencion.cl/wp-content/uploads/2021/05/26-Katerine-Montealegre.jpg
98	Ricardo	Montero	Allende	Montero Allende, Ricardo	https://www.chileconvencion.cl/wp-content/uploads/2021/05/18-Ricardo-Montero.jpg
99	Alfredo	Moreno	Echeverría	Moreno Echeverría, Alfredo	https://www.chileconvencion.cl/wp-content/uploads/2021/05/17-Alfredo-Moreno.jpg
100	Pedro	Muñoz	Leiva	Muñoz Leiva, Pedro	https://www.chileconvencion.cl/wp-content/uploads/2021/05/24-Pedro-Munoz.jpg
101	Guillermo	Namor	Kong	Namor Kong, Guillermo	https://www.chileconvencion.cl/wp-content/uploads/2021/05/04-Gullermo-Namor.jpg
102	Geoconda	Navarrete	Arratia	Navarrete Arratia, Geoconda	https://www.chileconvencion.cl/wp-content/uploads/2021/05/27-Geoconda-Navarrete.jpg
103	Ricardo	Neumann	Bertin	Neumann Bertin, Ricardo	https://www.chileconvencion.cl/wp-content/uploads/2021/05/16-Ricardo-Neumann.jpg
104	Nicolás	Núñez	Gangas	Núñez Gangas, Nicolás	https://www.chileconvencion.cl/wp-content/uploads/2021/05/16-Nicolas-Nunez.jpg
105	Ivanna	Olivares	Miranda	Olivares Miranda, Ivanna	https://www.chileconvencion.cl/wp-content/uploads/2021/05/05-Ivanna-Olivares.jpg
106	Matías	Orellana	Cuellar	Orellana Cuellar, Matías	https://www.chileconvencion.cl/wp-content/uploads/2021/05/15-Matias-Orellana.jpg
107	Manuel	Ossandón	Lira	Ossandón Lira, Manuel	https://www.chileconvencion.cl/wp-content/uploads/2021/05/12-Manuel-Ossandon.jpg
108	María José	Oyarzún	Solis	Oyarzún Solis, María José	https://www.chileconvencion.cl/wp-content/uploads/2021/05/07-Maria-Jose-Oyarzun.jpg
109	Alejandra	Pérez	Espina	Pérez Espina, Alejandra	https://www.chileconvencion.cl/wp-content/uploads/2021/05/09-Alejandra-Perez.jpg
110	Malucha	Pinto	Solari	Pinto Solari, Malucha	https://www.chileconvencion.cl/wp-content/uploads/2021/05/13-Malucha-Pinto.jpg
111	Patricia	Politzer	Kerekes	Politzer Kerekes, Patricia	https://www.chileconvencion.cl/wp-content/uploads/2021/05/10-Patricia-Politzar.jpg
112	Ericka	Portilla	Barrios	Portilla Barrios, Ericka	https://www.chileconvencion.cl/wp-content/uploads/2021/05/04-Erica-Portilla.jpg
113	Tammy	Pustilnick	Arditi	Pustilnick Arditi, Tammy	https://www.chileconvencion.cl/wp-content/uploads/2021/05/20-Tammy-Pustilnick.jpg
114	María Elisa	Quinteros	Cáceres	Quinteros Cáceres, María Elisa	https://www.chileconvencion.cl/wp-content/uploads/2021/05/17-Maria-Quinteros.jpg
115	Bárbara	Rebolledo	Aguirre	Rebolledo Aguirre, Bárbara	https://www.chileconvencion.cl/wp-content/uploads/2021/05/17-Barbara-Rebolledo.jpg
116	María Ramona	Reyes	Painequeo	Reyes Painequeo, María Ramona	https://www.chileconvencion.cl/wp-content/uploads/2021/05/24-Maria-Reyes.jpg
117	Pollyana	Rivera	Bigas	Rivera Bigas, Pollyana	https://www.chileconvencion.cl/wp-content/uploads/2021/05/01-Pollyana-Rivera.jpg
118	María Magdalena	Rivera	Iribarren	Rivera Iribarren, María Magdalena	https://www.chileconvencion.cl/wp-content/uploads/2021/05/08-Maria-Rivera.jpg
119	Giovanna	Roa	Cadin	Roa Cadin, Giovanna	https://www.chileconvencion.cl/wp-content/uploads/2021/05/10-Giovanna-Roa.jpg
120	Rodrigo	Rojas	Vade	Rojas Vade, Rodrigo	https://www.chileconvencion.cl/wp-content/uploads/2021/05/13-Rodrigo-Rojas.jpg
121	Manuela	Royo	Letelier	Royo Letelier, Manuela	https://www.chileconvencion.cl/wp-content/uploads/2021/05/23-Manuela-Royo.jpg
122	Alvin	Saldaña	Muñoz	Saldaña Muñoz, Alvin	https://www.chileconvencion.cl/wp-content/uploads/2021/05/15-Alvin-Saldana.jpg
123	Fernando	Salinas	Manfredini	Salinas Manfredini, Fernando	https://www.chileconvencion.cl/wp-content/uploads/2021/05/18-Fernando-Salinas.jpg
124	Constanza	San Juan	Standen	San Juan Standen, Constanza	https://www.chileconvencion.cl/wp-content/uploads/2021/05/04-Constanza-San-Juan.jpg
125	Beatriz	Sánchez	Muñoz	Sánchez Muñoz, Beatriz	https://www.chileconvencion.cl/wp-content/uploads/2021/05/12-Beatriz-Sanchez.jpg
126	Constanza	Schonhaut	Soto	Schonhaut Soto, Constanza	https://www.chileconvencion.cl/wp-content/uploads/2021/05/11-Constanza-Schonhaut.jpg
127	Bárbara	Sepúlveda	Hales	Sepúlveda Hales, Bárbara	https://www.chileconvencion.cl/wp-content/uploads/2021/05/09-Barbara-Sepulveda.jpg
128	Carolina	Sepúlveda	Sepúlveda	Sepúlveda Sepúlveda, Carolina	https://www.chileconvencion.cl/wp-content/uploads/2021/05/19-Carolina-Sepulveda.jpg
129	Mariela	Serey	Jiménez	Serey Jiménez, Mariela	https://www.chileconvencion.cl/wp-content/uploads/2021/05/06-Mariela-Serey.jpg
130	Luciano	Silva	Mora	Silva Mora, Luciano	https://www.chileconvencion.cl/wp-content/uploads/2021/05/20-Luiciano-Silva.jpg
131	Agustín	Squella	Narducci	Squella Narducci, Agustín	https://www.chileconvencion.cl/wp-content/uploads/2021/05/07-Agustin-Squella.jpg
132	Daniel	Stingo	Camus	Stingo Camus, Daniel	https://www.chileconvencion.cl/wp-content/uploads/2021/05/08-Daniel-Stingo.jpg
133	María Angélica	Tepper	Kolossa	Tepper Kolossa, María Angélica	https://www.chileconvencion.cl/wp-content/uploads/2021/05/23-Maria-Tepper.jpg
134	Fernando	Tirado	Soto	Tirado Soto, Fernando	https://www.chileconvencion.cl/wp-content/uploads/2021/05/32-Fernando-Tirado.jpg
135	Pablo	Toloza	Fernández	Toloza Fernández, Pablo	https://www.chileconvencion.cl/wp-content/uploads/2021/05/03-Pablo-Toloza.jpg
136	María Cecilia	Ubilla	Pérez	Ubilla Pérez, María Cecilia	https://www.chileconvencion.cl/wp-content/uploads/2021/05/25-Maria-Cecilia-Ubilla.jpg
137	César	Uribe	Araya	Uribe Araya, César	https://www.chileconvencion.cl/wp-content/uploads/2021/05/19-Cesar-Uribe.jpg
138	Tatiana	Urrutia	Herrera	Urrutia Herrera, Tatiana	https://www.chileconvencion.cl/wp-content/uploads/2021/05/08-Tatiana-Urrutia.jpg
139	César	Valenzuela	Maass	Valenzuela Maass, César	https://www.chileconvencion.cl/wp-content/uploads/2021/05/09-Cesar-Valenzuela.jpg
140	Paulina	Valenzuela	Rio	Valenzuela Rio, Paulina	https://www.chileconvencion.cl/wp-content/uploads/2021/05/14-Paulina-Valenzuela.jpg
141	Loreto	Vallejos	Dávila	Vallejos Dávila, Loreto	https://www.chileconvencion.cl/wp-content/uploads/2021/05/15-Loreto-Vallejos.jpg
142	Margarita	Vargas	López	Vargas López, Margarita	https://www.chileconvencion.cl/wp-content/uploads/2021/05/35-Margarita-Vargas.jpg
143	Mario	Vargas	Vidal	Vargas Vidal, Mario	https://www.chileconvencion.cl/wp-content/uploads/2021/05/25-Mario-Vargas.jpg
144	Roberto	Vega	Campusano	Vega Campusano, Roberto	https://www.chileconvencion.cl/wp-content/uploads/2021/05/05-Roberto-Vega.jpg
145	Hernán	Velásquez	Núñez	Velásquez Núñez, Hernán	https://www.chileconvencion.cl/wp-content/uploads/2021/05/03-Hernan-Velasquez.jpg
146	Paulina	Veloso	Muñoz	Veloso Muñoz, Paulina	https://www.chileconvencion.cl/wp-content/uploads/2021/05/21-Paulina-Veloso.jpg
147	Lisette	Vergara	Riquelme	Vergara Riquelme, Lisette	https://www.chileconvencion.cl/wp-content/uploads/2021/05/06-Lisette-Vergara.jpg
148	Loreto	Vidal	Hernández	Vidal Hernández, Loreto	https://www.chileconvencion.cl/wp-content/uploads/2021/05/20-Rossana-Vidal.jpg
149	Carolina	Videla	Osorio	Videla Osorio, Carolina	https://www.chileconvencion.cl/wp-content/uploads/2021/05/01-Carolina-Videla-1.jpg
150	Christian	Viera	Álvarez	Viera Álvarez, Christian	https://www.chileconvencion.cl/wp-content/uploads/2021/05/17-Christian-Viera.jpg
151	Carolina	Vilches	Fuenzalida	Vilches Fuenzalida, Carolina	https://www.chileconvencion.cl/wp-content/uploads/2021/05/06-Carolina-Vilches.jpg
152	Ingrid	Villena	Narbona	Villena Narbona, Ingrid	https://www.chileconvencion.cl/wp-content/uploads/2021/05/13-Ingrid-Villena.jpg
153	Manuel	Woldarsky	González	Woldarsky González, Manuel	https://www.chileconvencion.cl/wp-content/uploads/2021/05/10-Manuel-Woldarsky.jpg
154	Camila	Zárate	Zárate	Zárate Zárate, Camila	https://www.chileconvencion.cl/wp-content/uploads/2021/05/07-Camila-Zarate.jpg
155	Luis Arturo	Zúñiga	Jory	Zúñiga Jory, Luis Arturo	https://www.chileconvencion.cl/wp-content/uploads/2021/05/09-Arturo-Zuniga.jpg